date,GitHub Copilot
2024-04-07,53
2024-04-14,49
2024-04-21,46
2024-04-28,50
2024-05-05,50
2024-05-12,51
2024-05-19,53
2024-05-26,49
2024-06-02,49
2024-06-09,46
2024-06-16,44
2024-06-23,43
2024-06-30,42
2024-07-07,39
2024-07-14,39
2024-07-21,37
2024-07-28,38
2024-08-04,39
2024-08-11,37
2024-08-18,39
2024-08-25,40
2024-09-01,42
2024-09-08,42
2024-09-15,47
2024-09-22,51
2024-09-29,42
2024-10-06,46
2024-10-13,48
2024-10-20,47
2024-10-27,55
2024-11-03,52
2024-11-10,51
2024-11-17,54
2024-11-24,50
2024-12-01,50
2024-12-08,52
2024-12-15,91
2024-12-22,53
2024-12-29,44
2025-01-05,58
2025-01-12,61
2025-01-19,54
2025-01-26,61
2025-02-02,68
2025-02-09,73
2025-02-16,69
2025-02-23,80
2025-03-02,72
2025-03-09,76
2025-03-16,71
2025-03-23,72
2025-03-30,81
2025-04-06,100
